{
  "type": "Filesystem",
  "managed": true,
  "formatType": "csv",
  "checklists": {
    "checklists": []
  },
  "checks": [],
  "customMeta": {
    "kv": {}
  },
  "flowOptions": {
    "virtualizable": false,
    "rebuildBehavior": "NORMAL",
    "crossProjectBuildBehavior": "DEFAULT"
  },
  "readWriteOptions": {
    "preserveOrder": false,
    "writeBuckets": 1,
    "forceSingleOutputFile": false,
    "defaultReadOrdering": {
      "enabled": false,
      "rules": []
    }
  },
  "formatParams": {
    "style": "unix",
    "charset": "utf8",
    "separator": "\t",
    "quoteChar": "\"",
    "escapeChar": "\\",
    "dateSerializationFormat": "ISO",
    "arrayMapFormat": "json",
    "hiveSeparators": [
      "\u0002",
      "\u0003",
      "\u0004",
      "\u0005",
      "\u0006",
      "\u0007",
      "\b"
    ],
    "skipRowsBeforeHeader": 0,
    "parseHeaderRow": false,
    "skipRowsAfterHeader": 0,
    "probableNumberOfRecords": 0,
    "normalizeBooleans": false,
    "normalizeDoubles": true,
    "readAdditionalColumnsBehavior": "INSERT_IN_DATA_WARNING",
    "readMissingColumnsBehavior": "DISCARD_SILENT",
    "readDataTypeMismatchBehavior": "DISCARD_WARNING",
    "writeDataTypeMismatchBehavior": "DISCARD_WARNING",
    "fileReadFailureBehavior": "FAIL",
    "compress": "gz"
  },
  "partitioning": {
    "ignoreNonMatchingFile": false,
    "considerMissingRequestedPartitionsAsEmpty": false,
    "dimensions": []
  },
  "versionTag": {
    "versionNumber": 7,
    "lastModifiedBy": {
      "login": "admin"
    },
    "lastModifiedOn": 1622323255243
  },
  "creationTag": {
    "versionNumber": 0,
    "lastModifiedBy": {
      "login": "admin"
    },
    "lastModifiedOn": 1622100653500
  },
  "tags": [],
  "params": {
    "connection": "filesystem_managed",
    "path": "/SENATEURS_29_MAI.ALL_DATASET_joined_2",
    "notReadyIfEmpty": false,
    "filesSelectionRules": {
      "mode": "ALL",
      "excludeRules": [],
      "includeRules": [],
      "explicitFiles": []
    }
  },
  "schema": {
    "columns": [
      {
        "name": "Matricule",
        "type": "string",
        "meaning": "Text"
      },
      {
        "name": "Genre",
        "type": "string"
      },
      {
        "name": "Nom",
        "type": "string"
      },
      {
        "name": "Prénom",
        "type": "string"
      },
      {
        "name": "Date_naissance_parsed",
        "type": "date"
      },
      {
        "name": "Date_décès_parsed",
        "type": "date"
      },
      {
        "name": "age_deces",
        "type": "bigint"
      },
      {
        "name": "dernier_age_connu",
        "type": "bigint"
      },
      {
        "name": "DERNIER-ETAT_Mandat",
        "type": "string"
      },
      {
        "name": "DERNIER-ETAT_Groupe_politique",
        "type": "string"
      },
      {
        "name": "DERNIER-ETAT_Type_app_grp_politique",
        "type": "string"
      },
      {
        "name": "DERNIER-ETAT_Commission_permanente",
        "type": "string"
      },
      {
        "name": "DERNIER-ETAT_Circonscription",
        "type": "string",
        "meaning": "Text"
      },
      {
        "name": "DERNIER-ETAT_Fonction_Bureau_Sénat",
        "type": "string"
      },
      {
        "name": "PCS_INSEE",
        "type": "string"
      },
      {
        "name": "Catégorie_professionnelle",
        "type": "string"
      },
      {
        "name": "Sous_catégorie_professionnelle",
        "type": "string"
      },
      {
        "name": "Description_profession",
        "type": "string"
      },
      {
        "name": "Nombre_mandat",
        "type": "bigint"
      },
      {
        "name": "Date_deb_1er_mandat",
        "type": "date"
      },
      {
        "name": "Motif_début_1er-mandat",
        "type": "string"
      },
      {
        "name": "Date_fin_dernier-mandat",
        "type": "date"
      },
      {
        "name": "Motif_fin_dernier-mandat",
        "type": "string"
      },
      {
        "name": "Date_deb_mandat_0",
        "type": "date"
      },
      {
        "name": "Date_deb_mandat_1",
        "type": "date"
      },
      {
        "name": "Date_deb_mandat_2",
        "type": "date"
      },
      {
        "name": "Date_deb_mandat_3",
        "type": "date"
      },
      {
        "name": "Date_deb_mandat_4",
        "type": "date"
      },
      {
        "name": "Date_deb_mandat_5",
        "type": "date"
      },
      {
        "name": "Year_date_deb_mandat_0",
        "type": "bigint"
      },
      {
        "name": "Year_date_deb_mandat_1",
        "type": "bigint"
      },
      {
        "name": "Year_date_deb_mandat_2",
        "type": "bigint"
      },
      {
        "name": "Year_date_deb_mandat_3",
        "type": "bigint"
      },
      {
        "name": "Year_date_deb_mandat_4",
        "type": "bigint"
      },
      {
        "name": "Year_date_deb_mandat_5",
        "type": "bigint"
      },
      {
        "name": "Motif_début_mandat_1",
        "type": "string"
      },
      {
        "name": "Motif_début_mandat_0",
        "type": "string"
      },
      {
        "name": "Motif_début_mandat_2",
        "type": "string"
      },
      {
        "name": "Motif_début_mandat_3",
        "type": "string"
      },
      {
        "name": "Motif_début_mandat_4",
        "type": "string"
      },
      {
        "name": "Motif_début_mandat_5",
        "type": "string"
      },
      {
        "name": "Date_fin_mandat_0",
        "type": "date"
      },
      {
        "name": "Date_fin_mandat_1",
        "type": "date"
      },
      {
        "name": "Date_fin_mandat_2",
        "type": "date"
      },
      {
        "name": "Date_fin_mandat_3",
        "type": "date"
      },
      {
        "name": "Date_fin_mandat_4",
        "type": "date"
      },
      {
        "name": "Date_fin_mandat_5",
        "type": "date"
      },
      {
        "name": "Year_Date_fin_mandat_0",
        "type": "bigint"
      },
      {
        "name": "Year_Date_fin_mandat_1",
        "type": "bigint"
      },
      {
        "name": "Year_Date_fin_mandat_2",
        "type": "bigint"
      },
      {
        "name": "Year_Date_fin_mandat_3",
        "type": "bigint"
      },
      {
        "name": "Year_Date_fin_mandat_4",
        "type": "bigint"
      },
      {
        "name": "Year_Date_fin_mandat_5",
        "type": "bigint"
      },
      {
        "name": "Motif_fin_mandat_0",
        "type": "string"
      },
      {
        "name": "Motif_fin_mandat_1",
        "type": "string"
      },
      {
        "name": "Motif_fin_mandat_2",
        "type": "string"
      },
      {
        "name": "Motif_fin_mandat_3",
        "type": "string"
      },
      {
        "name": "Motif_fin_mandat_4",
        "type": "string"
      },
      {
        "name": "Motif_fin_mandat_5",
        "type": "string"
      },
      {
        "name": "Id_appartenance_0",
        "type": "bigint"
      },
      {
        "name": "Id_appartenance_1",
        "type": "bigint"
      },
      {
        "name": "Id_appartenance_2",
        "type": "bigint"
      },
      {
        "name": "Id_appartenance_3",
        "type": "bigint"
      },
      {
        "name": "Id_appartenance_4",
        "type": "bigint"
      },
      {
        "name": "Id_appartenance_5",
        "type": "bigint"
      },
      {
        "name": "Id_appartenance_6",
        "type": "bigint"
      },
      {
        "name": "Id_appartenance_7",
        "type": "bigint"
      },
      {
        "name": "Code_groupe_politique_0",
        "type": "string"
      },
      {
        "name": "Code_groupe_politique_1",
        "type": "string"
      },
      {
        "name": "Code_groupe_politique_2",
        "type": "string"
      },
      {
        "name": "Code_groupe_politique_3",
        "type": "string"
      },
      {
        "name": "Code_groupe_politique_4",
        "type": "string"
      },
      {
        "name": "Code_groupe_politique_5",
        "type": "string"
      },
      {
        "name": "Code_groupe_politique_6",
        "type": "string"
      },
      {
        "name": "Code_groupe_politique_7",
        "type": "string"
      },
      {
        "name": "Nom_groupe_politique_0",
        "type": "string"
      },
      {
        "name": "Nom_groupe_politique_1",
        "type": "string"
      },
      {
        "name": "Nom_groupe_politique_2",
        "type": "string"
      },
      {
        "name": "Nom_groupe_politique_3",
        "type": "string"
      },
      {
        "name": "Nom_groupe_politique_4",
        "type": "string"
      },
      {
        "name": "Nom_groupe_politique_5",
        "type": "string"
      },
      {
        "name": "Nom_groupe_politique_6",
        "type": "string"
      },
      {
        "name": "Nom_groupe_politique_7",
        "type": "string"
      },
      {
        "name": "Nom_groupe_politique_8",
        "type": "string"
      },
      {
        "name": "Nom_groupe_politique_9",
        "type": "string"
      },
      {
        "name": "Date_début_appartenance_parsed_0",
        "type": "date"
      },
      {
        "name": "Date_début_appartenance_parsed_1",
        "type": "date"
      },
      {
        "name": "Date_début_appartenance_parsed_2",
        "type": "date"
      },
      {
        "name": "Date_début_appartenance_parsed_3",
        "type": "date"
      },
      {
        "name": "Date_début_appartenance_parsed_4",
        "type": "date"
      },
      {
        "name": "Date_début_appartenance_parsed_5",
        "type": "date"
      },
      {
        "name": "Date_début_appartenance_parsed_6",
        "type": "date"
      },
      {
        "name": "Date_début_appartenance_parsed_7",
        "type": "date"
      },
      {
        "name": "Date_fin_appartenance_parsed_0",
        "type": "date"
      },
      {
        "name": "Date_fin_appartenance_parsed_1",
        "type": "date"
      },
      {
        "name": "Date_fin_appartenance_parsed_2",
        "type": "date"
      },
      {
        "name": "Date_fin_appartenance_parsed_3",
        "type": "date"
      },
      {
        "name": "Date_fin_appartenance_parsed_4",
        "type": "date"
      },
      {
        "name": "Date_fin_appartenance_parsed_5",
        "type": "date"
      },
      {
        "name": "Date_fin_appartenance_parsed_6",
        "type": "date"
      },
      {
        "name": "Date_fin_appartenance_parsed_7",
        "type": "date"
      },
      {
        "name": "Id_fonction_occupée_0",
        "type": "bigint"
      },
      {
        "name": "Id_fonction_occupée_1",
        "type": "bigint"
      },
      {
        "name": "Id_fonction_occupée_2",
        "type": "bigint"
      },
      {
        "name": "Id_fonction_occupée_3",
        "type": "bigint"
      },
      {
        "name": "Id_fonction_occupée_4",
        "type": "bigint"
      },
      {
        "name": "Id_fonction_occupée_5",
        "type": "bigint"
      },
      {
        "name": "Id_fonction_occupée_6",
        "type": "bigint"
      },
      {
        "name": "Id_fonction_occupée_7",
        "type": "bigint"
      },
      {
        "name": "Nom_fonction_concat_0",
        "type": "string"
      },
      {
        "name": "Nom_fonction_concat_1",
        "type": "string"
      },
      {
        "name": "Nom_fonction_concat_2",
        "type": "string"
      },
      {
        "name": "Nom_fonction_concat_3",
        "type": "string"
      },
      {
        "name": "Nom_fonction_concat_4",
        "type": "string"
      },
      {
        "name": "Nom_fonction_concat_5",
        "type": "string"
      },
      {
        "name": "Nom_fonction_concat_6",
        "type": "string"
      },
      {
        "name": "Nom_fonction_concat_7",
        "type": "string"
      },
      {
        "name": "Date_début_fonction_parsed_0",
        "type": "date"
      },
      {
        "name": "Date_début_fonction_parsed_1",
        "type": "date"
      },
      {
        "name": "Date_début_fonction_parsed_2",
        "type": "date"
      },
      {
        "name": "Date_début_fonction_parsed_3",
        "type": "date"
      },
      {
        "name": "Date_début_fonction_parsed_4",
        "type": "date"
      },
      {
        "name": "Date_début_fonction_parsed_5",
        "type": "date"
      },
      {
        "name": "Date_début_fonction_parsed_6",
        "type": "date"
      },
      {
        "name": "Date_début_fonction_parsed_7",
        "type": "date"
      },
      {
        "name": "Date_fin_fonction_parsed_0",
        "type": "date"
      },
      {
        "name": "Date_fin_fonction_parsed_1",
        "type": "date"
      },
      {
        "name": "Date_fin_fonction_parsed_2",
        "type": "date"
      },
      {
        "name": "Date_fin_fonction_parsed_3",
        "type": "date"
      },
      {
        "name": "Date_fin_fonction_parsed_4",
        "type": "date"
      },
      {
        "name": "Date_fin_fonction_parsed_5",
        "type": "date"
      },
      {
        "name": "Date_fin_fonction_parsed_6",
        "type": "date"
      },
      {
        "name": "Date_fin_fonction_parsed_7",
        "type": "date"
      },
      {
        "name": "Wikidata_id",
        "type": "string"
      },
      {
        "name": "lieux_naissance",
        "type": "string"
      },
      {
        "name": "lieux_mort",
        "type": "string"
      },
      {
        "name": "les_autres_mandats",
        "type": "string"
      },
      {
        "name": "ministre",
        "type": "boolean"
      },
      {
        "name": "président_de_cr",
        "type": "boolean"
      },
      {
        "name": "conseiller_régional",
        "type": "boolean"
      },
      {
        "name": "président_de_cd_ou_cg",
        "type": "boolean"
      },
      {
        "name": "conseiller_départemental_ou_général",
        "type": "boolean"
      },
      {
        "name": "maire",
        "type": "boolean"
      },
      {
        "name": "conseiller_municipal",
        "type": "boolean"
      },
      {
        "name": "député",
        "type": "boolean"
      },
      {
        "name": "député_européen",
        "type": "boolean"
      },
      {
        "name": "conseil_de_l_europe",
        "type": "boolean"
      },
      {
        "name": "occupations",
        "type": "string"
      },
      {
        "name": "résistance",
        "type": "boolean"
      },
      {
        "name": "etudes",
        "type": "string"
      },
      {
        "name": "ENS",
        "type": "string"
      },
      {
        "name": "Polytechnique",
        "type": "string"
      },
      {
        "name": "ENA",
        "type": "string"
      },
      {
        "name": "IEP",
        "type": "string"
      },
      {
        "name": "autres_organisations",
        "type": "string"
      },
      {
        "name": "distinctions",
        "type": "string"
      },
      {
        "name": "Ordre_national_Merite",
        "type": "string"
      },
      {
        "name": "Legion_d_honneur",
        "type": "string"
      },
      {
        "name": "pere_is_senat",
        "type": "string"
      },
      {
        "name": "enfant_is_senat",
        "type": "string"
      },
      {
        "name": "DERNIER-ETAT_Circonscription_Geopoint",
        "type": "string"
      },
      {
        "name": "lieux_naissance_GeoPoint",
        "type": "string"
      },
      {
        "name": "lieux_mort_Geopoint",
        "type": "string"
      },
      {
        "name": "DERNIER-ETAT_Groupe_politique_Gauche-Droite",
        "type": "string"
      },
      {
        "name": "Nom_groupe_politique_0_Gauche-Droite",
        "type": "string"
      },
      {
        "name": "Nom_groupe_politique_1_Gauche-Droite",
        "type": "string"
      },
      {
        "name": "Nom_groupe_politique_2_Gauche-Droite",
        "type": "string"
      },
      {
        "name": "Nom_groupe_politique_3_Gauche-Droite",
        "type": "string"
      },
      {
        "name": "Nom_groupe_politique_4_Gauche-Droite",
        "type": "string"
      },
      {
        "name": "Nom_groupe_politique_5_Gauche-Droite",
        "type": "string"
      },
      {
        "name": "Nom_groupe_politique_6_Gauche-Droite",
        "type": "string"
      },
      {
        "name": "Nom_groupe_politique_7_Gauche-Droite",
        "type": "string"
      },
      {
        "name": "Nom_groupe_politique_8_Gauche-Droite",
        "type": "string"
      },
      {
        "name": "Nom_groupe_politique_9_Gauche-Droite",
        "type": "string"
      }
    ],
    "userModified": true
  },
  "dkuProperties": [],
  "metrics": {
    "probes": [
      {
        "type": "basic",
        "enabled": true,
        "computeOnBuildMode": "PARTITION",
        "meta": {
          "name": "Basic data",
          "level": 0
        },
        "configuration": {}
      },
      {
        "type": "records",
        "enabled": true,
        "computeOnBuildMode": "NO",
        "meta": {
          "name": "Record count",
          "level": 0
        },
        "configuration": {}
      }
    ],
    "engineConfig": {
      "padRunsWithMetrics": false,
      "hive": {
        "active": true,
        "extraConf": []
      },
      "basic": {},
      "dss": {
        "active": true,
        "selection": {
          "useMemTable": false,
          "filter": {
            "distinct": false,
            "enabled": false
          },
          "partitionSelectionMethod": "ALL",
          "latestPartitionsN": 1,
          "ordering": {
            "enabled": false,
            "rules": []
          },
          "samplingMethod": "FULL",
          "maxRecords": -1,
          "targetRatio": 0.02,
          "withinFirstN": -1,
          "maxReadUncompressedBytes": -1
        }
      },
      "sql": {
        "active": true
      },
      "impala": {
        "active": true
      },
      "spark": {
        "active": true,
        "extraConf": []
      },
      "python": {}
    },
    "displayedState": {
      "columns": [],
      "metrics": [
        "basic:COUNT_COLUMNS",
        "basic:COUNT_FILES",
        "basic:SIZE",
        "records:COUNT_RECORDS"
      ]
    }
  },
  "metricsChecks": {
    "runOnBuild": false,
    "checks": [],
    "displayedState": {
      "checks": []
    }
  },
  "customFields": {}
}