{
  "type": "Filesystem",
  "managed": true,
  "formatType": "csv",
  "checklists": {
    "checklists": []
  },
  "checks": [],
  "customMeta": {
    "kv": {}
  },
  "flowOptions": {
    "virtualizable": false,
    "rebuildBehavior": "NORMAL",
    "crossProjectBuildBehavior": "DEFAULT"
  },
  "readWriteOptions": {
    "preserveOrder": false,
    "writeBuckets": 1,
    "forceSingleOutputFile": false,
    "defaultReadOrdering": {
      "enabled": false,
      "rules": []
    }
  },
  "formatParams": {
    "style": "unix",
    "charset": "utf8",
    "separator": "\t",
    "quoteChar": "\"",
    "escapeChar": "\\",
    "dateSerializationFormat": "ISO",
    "arrayMapFormat": "json",
    "hiveSeparators": [
      "\u0002",
      "\u0003",
      "\u0004",
      "\u0005",
      "\u0006",
      "\u0007",
      "\b"
    ],
    "skipRowsBeforeHeader": 0,
    "parseHeaderRow": false,
    "skipRowsAfterHeader": 0,
    "probableNumberOfRecords": 0,
    "normalizeBooleans": false,
    "normalizeDoubles": true,
    "readAdditionalColumnsBehavior": "INSERT_IN_DATA_WARNING",
    "readMissingColumnsBehavior": "DISCARD_SILENT",
    "readDataTypeMismatchBehavior": "DISCARD_WARNING",
    "writeDataTypeMismatchBehavior": "DISCARD_WARNING",
    "fileReadFailureBehavior": "FAIL",
    "compress": "gz"
  },
  "partitioning": {
    "ignoreNonMatchingFile": false,
    "considerMissingRequestedPartitionsAsEmpty": false,
    "dimensions": []
  },
  "versionTag": {
    "versionNumber": 2,
    "lastModifiedBy": {
      "login": "admin"
    },
    "lastModifiedOn": 1621805438976
  },
  "creationTag": {
    "versionNumber": 0,
    "lastModifiedBy": {
      "login": "admin"
    },
    "lastModifiedOn": 1621802030754
  },
  "tags": [],
  "params": {
    "connection": "filesystem_managed",
    "path": "/SENATEURS_29_MAI.ODSEN_HISTOGROUPES_Etape_3",
    "notReadyIfEmpty": false,
    "filesSelectionRules": {
      "mode": "ALL",
      "excludeRules": [],
      "includeRules": [],
      "explicitFiles": []
    }
  },
  "schema": {
    "columns": [
      {
        "name": "Matricule",
        "type": "string",
        "meaning": "Text"
      },
      {
        "name": "Id_appartenance_0",
        "type": "bigint"
      },
      {
        "name": "Id_appartenance_1",
        "type": "bigint"
      },
      {
        "name": "Id_appartenance_2",
        "type": "bigint"
      },
      {
        "name": "Id_appartenance_3",
        "type": "bigint"
      },
      {
        "name": "Id_appartenance_4",
        "type": "bigint"
      },
      {
        "name": "Id_appartenance_5",
        "type": "bigint"
      },
      {
        "name": "Id_appartenance_6",
        "type": "bigint"
      },
      {
        "name": "Id_appartenance_7",
        "type": "bigint"
      },
      {
        "name": "Code_groupe_politique_0",
        "type": "string"
      },
      {
        "name": "Code_groupe_politique_1",
        "type": "string"
      },
      {
        "name": "Code_groupe_politique_2",
        "type": "string"
      },
      {
        "name": "Code_groupe_politique_3",
        "type": "string"
      },
      {
        "name": "Code_groupe_politique_4",
        "type": "string"
      },
      {
        "name": "Code_groupe_politique_5",
        "type": "string"
      },
      {
        "name": "Code_groupe_politique_6",
        "type": "string"
      },
      {
        "name": "Code_groupe_politique_7",
        "type": "string"
      },
      {
        "name": "Nom_groupe_politique_0",
        "type": "string"
      },
      {
        "name": "Nom_groupe_politique_1",
        "type": "string"
      },
      {
        "name": "Nom_groupe_politique_2",
        "type": "string"
      },
      {
        "name": "Nom_groupe_politique_3",
        "type": "string"
      },
      {
        "name": "Nom_groupe_politique_4",
        "type": "string"
      },
      {
        "name": "Nom_groupe_politique_5",
        "type": "string"
      },
      {
        "name": "Nom_groupe_politique_6",
        "type": "string"
      },
      {
        "name": "Nom_groupe_politique_7",
        "type": "string"
      },
      {
        "name": "Nom_groupe_politique_8",
        "type": "string"
      },
      {
        "name": "Nom_groupe_politique_9",
        "type": "string"
      },
      {
        "name": "Date_début_appartenance_parsed_0",
        "type": "date"
      },
      {
        "name": "Date_début_appartenance_parsed_1",
        "type": "date"
      },
      {
        "name": "Date_début_appartenance_parsed_2",
        "type": "date"
      },
      {
        "name": "Date_début_appartenance_parsed_3",
        "type": "date"
      },
      {
        "name": "Date_début_appartenance_parsed_4",
        "type": "date"
      },
      {
        "name": "Date_début_appartenance_parsed_5",
        "type": "date"
      },
      {
        "name": "Date_début_appartenance_parsed_6",
        "type": "date"
      },
      {
        "name": "Date_début_appartenance_parsed_7",
        "type": "date"
      },
      {
        "name": "Date_fin_appartenance_parsed_0",
        "type": "date"
      },
      {
        "name": "Date_fin_appartenance_parsed_1",
        "type": "date"
      },
      {
        "name": "Date_fin_appartenance_parsed_2",
        "type": "date"
      },
      {
        "name": "Date_fin_appartenance_parsed_3",
        "type": "date"
      },
      {
        "name": "Date_fin_appartenance_parsed_4",
        "type": "date"
      },
      {
        "name": "Date_fin_appartenance_parsed_5",
        "type": "date"
      },
      {
        "name": "Date_fin_appartenance_parsed_6",
        "type": "date"
      },
      {
        "name": "Date_fin_appartenance_parsed_7",
        "type": "date"
      },
      {
        "name": "Id_fonction_occupée_0",
        "type": "bigint"
      },
      {
        "name": "Id_fonction_occupée_1",
        "type": "bigint"
      },
      {
        "name": "Id_fonction_occupée_2",
        "type": "bigint"
      },
      {
        "name": "Id_fonction_occupée_3",
        "type": "bigint"
      },
      {
        "name": "Id_fonction_occupée_4",
        "type": "bigint"
      },
      {
        "name": "Id_fonction_occupée_5",
        "type": "bigint"
      },
      {
        "name": "Id_fonction_occupée_6",
        "type": "bigint"
      },
      {
        "name": "Id_fonction_occupée_7",
        "type": "bigint"
      },
      {
        "name": "Nom_fonction_concat_0",
        "type": "string"
      },
      {
        "name": "Nom_fonction_concat_1",
        "type": "string"
      },
      {
        "name": "Nom_fonction_concat_2",
        "type": "string"
      },
      {
        "name": "Nom_fonction_concat_3",
        "type": "string"
      },
      {
        "name": "Nom_fonction_concat_4",
        "type": "string"
      },
      {
        "name": "Nom_fonction_concat_5",
        "type": "string"
      },
      {
        "name": "Nom_fonction_concat_6",
        "type": "string"
      },
      {
        "name": "Nom_fonction_concat_7",
        "type": "string"
      },
      {
        "name": "Date_début_fonction_parsed_0",
        "type": "date"
      },
      {
        "name": "Date_début_fonction_parsed_1",
        "type": "date"
      },
      {
        "name": "Date_début_fonction_parsed_2",
        "type": "date"
      },
      {
        "name": "Date_début_fonction_parsed_3",
        "type": "date"
      },
      {
        "name": "Date_début_fonction_parsed_4",
        "type": "date"
      },
      {
        "name": "Date_début_fonction_parsed_5",
        "type": "date"
      },
      {
        "name": "Date_début_fonction_parsed_6",
        "type": "date"
      },
      {
        "name": "Date_début_fonction_parsed_7",
        "type": "date"
      },
      {
        "name": "Date_fin_fonction_parsed_0",
        "type": "date"
      },
      {
        "name": "Date_fin_fonction_parsed_1",
        "type": "date"
      },
      {
        "name": "Date_fin_fonction_parsed_2",
        "type": "date"
      },
      {
        "name": "Date_fin_fonction_parsed_3",
        "type": "date"
      },
      {
        "name": "Date_fin_fonction_parsed_4",
        "type": "date"
      },
      {
        "name": "Date_fin_fonction_parsed_5",
        "type": "date"
      },
      {
        "name": "Date_fin_fonction_parsed_6",
        "type": "date"
      },
      {
        "name": "Date_fin_fonction_parsed_7",
        "type": "date"
      }
    ],
    "userModified": true
  },
  "dkuProperties": [],
  "metrics": {
    "probes": [
      {
        "type": "basic",
        "enabled": true,
        "computeOnBuildMode": "PARTITION",
        "meta": {
          "name": "Basic data",
          "level": 0
        },
        "configuration": {}
      },
      {
        "type": "records",
        "enabled": true,
        "computeOnBuildMode": "NO",
        "meta": {
          "name": "Record count",
          "level": 0
        },
        "configuration": {}
      }
    ],
    "engineConfig": {
      "padRunsWithMetrics": false,
      "hive": {
        "active": true,
        "extraConf": []
      },
      "basic": {},
      "dss": {
        "active": true,
        "selection": {
          "useMemTable": false,
          "filter": {
            "distinct": false,
            "enabled": false
          },
          "partitionSelectionMethod": "ALL",
          "latestPartitionsN": 1,
          "ordering": {
            "enabled": false,
            "rules": []
          },
          "samplingMethod": "FULL",
          "maxRecords": -1,
          "targetRatio": 0.02,
          "withinFirstN": -1,
          "maxReadUncompressedBytes": -1
        }
      },
      "sql": {
        "active": true
      },
      "impala": {
        "active": true
      },
      "spark": {
        "active": true,
        "extraConf": []
      },
      "python": {}
    },
    "displayedState": {
      "columns": [],
      "metrics": [
        "basic:COUNT_COLUMNS",
        "basic:COUNT_FILES",
        "basic:SIZE",
        "records:COUNT_RECORDS"
      ]
    }
  },
  "metricsChecks": {
    "runOnBuild": false,
    "checks": [],
    "displayedState": {
      "checks": []
    }
  },
  "customFields": {}
}