{
  "script": {
    "steps": [],
    "maxProcessedMemTableBytes": -1,
    "columnsSelection": {
      "mode": "ALL"
    },
    "columnWidthsByName": {
      "Matricule": 113,
      "Wikidata_id": 127,
      "Genre": 100,
      "Nom": 127,
      "Prénom": 106,
      "lieux_naissance": 134,
      "lieux_naissance_GeoPoint": 218,
      "Date_naissance_parsed": 197,
      "lieux_mort": 183,
      "lieux_mort_Geopoint": 158,
      "Date_décès_parsed": 183,
      "age_deces": 100,
      "dernier_age_connu": 143,
      "DERNIER-ETAT_Circonscription": 225,
      "DERNIER-ETAT_Circonscription_Geopoint": 293,
      "DERNIER-ETAT_Mandat": 158,
      "DERNIER-ETAT_Groupe_politique": 233,
      "DERNIER-ETAT_Groupe_politique_Gauche-Droite": 300,
      "DERNIER-ETAT_Type_app_grp_politique": 278,
      "DERNIER-ETAT_Commission_permanente": 270,
      "DERNIER-ETAT_Fonction_Bureau_Sénat": 270,
      "PCS_INSEE": 300,
      "Catégorie_professionnelle": 246,
      "Sous_catégorie_professionnelle": 240,
      "Description_profession": 232,
      "Nombre_mandat": 113,
      "Date_deb_1er_mandat": 183,
      "Motif_début_1er-mandat": 180,
      "Date_fin_dernier-mandat": 211,
      "Motif_fin_dernier-mandat": 218,
      "Date_deb_mandat_0": 183,
      "Date_deb_mandat_1": 183,
      "Date_deb_mandat_2": 143,
      "Date_deb_mandat_3": 143,
      "Date_deb_mandat_4": 143,
      "Date_deb_mandat_5": 143,
      "Year_date_deb_mandat_0": 180,
      "Year_date_deb_mandat_1": 180,
      "Year_date_deb_mandat_2": 180,
      "Year_date_deb_mandat_3": 180,
      "Year_date_deb_mandat_4": 180,
      "Year_date_deb_mandat_5": 180,
      "Motif_début_mandat_1": 165,
      "Motif_début_mandat_0": 165,
      "Motif_début_mandat_2": 165,
      "Motif_début_mandat_3": 165,
      "Motif_début_mandat_4": 165,
      "Motif_début_mandat_5": 165,
      "Date_fin_mandat_0": 183,
      "Date_fin_mandat_1": 183,
      "Date_fin_mandat_2": 143,
      "Date_fin_mandat_3": 143,
      "Date_fin_mandat_4": 143,
      "Date_fin_mandat_5": 143,
      "Year_Date_fin_mandat_0": 180,
      "Year_Date_fin_mandat_1": 180,
      "Year_Date_fin_mandat_2": 180,
      "Year_Date_fin_mandat_3": 180,
      "Year_Date_fin_mandat_4": 180,
      "Year_Date_fin_mandat_5": 180,
      "Motif_fin_mandat_0": 218,
      "Motif_fin_mandat_1": 190,
      "Motif_fin_mandat_2": 183,
      "Motif_fin_mandat_3": 150,
      "Motif_fin_mandat_4": 150,
      "Motif_fin_mandat_5": 150,
      "Id_appartenance_0": 143,
      "Id_appartenance_1": 143,
      "Id_appartenance_2": 143,
      "Id_appartenance_3": 143,
      "Id_appartenance_4": 143,
      "Id_appartenance_5": 143,
      "Id_appartenance_6": 143,
      "Id_appartenance_7": 143,
      "Code_groupe_politique_0": 188,
      "Code_groupe_politique_1": 188,
      "Code_groupe_politique_2": 188,
      "Code_groupe_politique_3": 188,
      "Code_groupe_politique_4": 188,
      "Code_groupe_politique_5": 188,
      "Code_groupe_politique_6": 188,
      "Code_groupe_politique_7": 188,
      "Nom_groupe_politique_0": 300,
      "Nom_groupe_politique_1": 218,
      "Nom_groupe_politique_2": 190,
      "Nom_groupe_politique_3": 180,
      "Nom_groupe_politique_4": 180,
      "Nom_groupe_politique_5": 180,
      "Nom_groupe_politique_6": 180,
      "Nom_groupe_politique_7": 180,
      "Nom_groupe_politique_8": 180,
      "Nom_groupe_politique_9": 180,
      "Nom_groupe_politique_0_Gauche-Droite": 285,
      "Nom_groupe_politique_1_Gauche-Droite": 285,
      "Nom_groupe_politique_2_Gauche-Droite": 285,
      "Nom_groupe_politique_3_Gauche-Droite": 285,
      "Nom_groupe_politique_4_Gauche-Droite": 285,
      "Nom_groupe_politique_5_Gauche-Droite": 285,
      "Nom_groupe_politique_6_Gauche-Droite": 285,
      "Nom_groupe_politique_7_Gauche-Droite": 285,
      "Nom_groupe_politique_8_Gauche-Droite": 285,
      "Nom_groupe_politique_9_Gauche-Droite": 285,
      "Date_début_appartenance_parsed_0": 255,
      "Date_début_appartenance_parsed_1": 255,
      "Date_début_appartenance_parsed_2": 255,
      "Date_début_appartenance_parsed_3": 255,
      "Date_début_appartenance_parsed_4": 255,
      "Date_début_appartenance_parsed_5": 255,
      "Date_début_appartenance_parsed_6": 255,
      "Date_début_appartenance_parsed_7": 255,
      "Date_fin_appartenance_parsed_0": 260,
      "Date_fin_appartenance_parsed_1": 240,
      "Date_fin_appartenance_parsed_2": 240,
      "Date_fin_appartenance_parsed_3": 240,
      "Date_fin_appartenance_parsed_4": 240,
      "Date_fin_appartenance_parsed_5": 240,
      "Date_fin_appartenance_parsed_6": 240,
      "Date_fin_appartenance_parsed_7": 240,
      "Id_fonction_occupée_0": 173,
      "Id_fonction_occupée_1": 173,
      "Id_fonction_occupée_2": 173,
      "Id_fonction_occupée_3": 173,
      "Id_fonction_occupée_4": 173,
      "Id_fonction_occupée_5": 173,
      "Id_fonction_occupée_6": 173,
      "Id_fonction_occupée_7": 173,
      "Nom_fonction_concat_0": 173,
      "Nom_fonction_concat_1": 173,
      "Nom_fonction_concat_2": 173,
      "Nom_fonction_concat_3": 173,
      "Nom_fonction_concat_4": 173,
      "Nom_fonction_concat_5": 173,
      "Nom_fonction_concat_6": 173,
      "Nom_fonction_concat_7": 173,
      "Date_début_fonction_parsed_0": 225,
      "Date_début_fonction_parsed_1": 225,
      "Date_début_fonction_parsed_2": 225,
      "Date_début_fonction_parsed_3": 225,
      "Date_début_fonction_parsed_4": 225,
      "Date_début_fonction_parsed_5": 225,
      "Date_début_fonction_parsed_6": 225,
      "Date_début_fonction_parsed_7": 225,
      "Date_fin_fonction_parsed_0": 232,
      "Date_fin_fonction_parsed_1": 210,
      "Date_fin_fonction_parsed_2": 210,
      "Date_fin_fonction_parsed_3": 210,
      "Date_fin_fonction_parsed_4": 210,
      "Date_fin_fonction_parsed_5": 210,
      "Date_fin_fonction_parsed_6": 210,
      "Date_fin_fonction_parsed_7": 210,
      "les_autres_mandats": 300,
      "ministre": 100,
      "président_de_cr": 128,
      "conseiller_régional": 158,
      "président_de_cd_ou_cg": 173,
      "conseiller_départemental_ou_général": 278,
      "maire": 100,
      "conseiller_municipal": 165,
      "député": 100,
      "député_européen": 128,
      "conseil_de_l_europe": 158,
      "occupations": 190,
      "résistance": 100,
      "etudes": 197,
      "ENS": 100,
      "Polytechnique": 113,
      "ENA": 100,
      "IEP": 100,
      "autres_organisations": 183,
      "distinctions": 218,
      "Ordre_national_Merite": 173,
      "Legion_d_honneur": 135,
      "pere_is_senat": 113,
      "enfant_is_senat": 128
    },
    "coloring": {
      "scheme": "MEANING_AND_STATUS",
      "individualColumns": [],
      "valueColoringMode": "HASH"
    },
    "sorting": [
      {
        "column": "Sous_catégorie_professionnelle",
        "ascending": true
      }
    ],
    "analysisColumnData": {},
    "explorationSampling": {
      "selection": {
        "maxStoredBytes": 104857600,
        "timeout": -1,
        "filter": {
          "distinct": false,
          "enabled": false
        },
        "partitionSelectionMethod": "ALL",
        "latestPartitionsN": 1,
        "ordering": {
          "enabled": false,
          "rules": []
        },
        "samplingMethod": "HEAD_SEQUENTIAL",
        "maxRecords": 10000,
        "targetRatio": 0.02,
        "withinFirstN": -1,
        "maxReadUncompressedBytes": -1
      },
      "autoRefreshSample": false,
      "_refreshTrigger": 0
    },
    "vizSampling": {
      "autoRefreshSample": false,
      "_refreshTrigger": 0
    },
    "exploreUIParams": {
      "autoRefresh": true
    },
    "globalSearchQuery": "",
    "explorationFilters": [
      {
        "column": "Sous_catégorie_professionnelle",
        "type": "columnFilter",
        "currentMode": "FACET",
        "active": true,
        "facet": {
          "type": "facet",
          "column": "Sous_catégorie_professionnelle",
          "columnType": "ALPHANUM",
          "currentMode": "ALPHANUM",
          "sort": "count",
          "selectedValues": {}
        },
        "alphanumFilter": {
          "type": "alphanum",
          "column": "Sous_catégorie_professionnelle",
          "values": [],
          "params": {
            "mode": "full_string",
            "normalization": "exact"
          }
        },
        "validityFilter": {
          "type": "validity",
          "column": "Sous_catégorie_professionnelle",
          "params": {
            "type": "Text",
            "ok": true,
            "nok": true,
            "empty": true
          }
        }
      }
    ],
    "previewMode": "ALL_ROWS"
  },
  "charts": []
}