{
  "script": {
    "steps": [],
    "maxProcessedMemTableBytes": -1,
    "columnsSelection": {
      "mode": "ALL"
    },
    "columnWidthsByName": {
      "Matricule": 113,
      "Date_deb_1er_mandat": 183,
      "Motif_début_1er-mandat": 180,
      "Date_fin_dernier-mandat": 211,
      "Motif_fin_dernier-mandat": 218,
      "Date_deb_mandat_0": 183,
      "Date_deb_mandat_1": 183,
      "Date_deb_mandat_2": 143,
      "Date_deb_mandat_3": 143,
      "Date_deb_mandat_4": 143,
      "Date_deb_mandat_5": 143,
      "Year_date_deb_mandat_0": 180,
      "Year_date_deb_mandat_1": 180,
      "Year_date_deb_mandat_2": 180,
      "Year_date_deb_mandat_3": 180,
      "Year_date_deb_mandat_4": 180,
      "Year_date_deb_mandat_5": 180,
      "Motif_début_mandat_1": 165,
      "Motif_début_mandat_0": 165,
      "Motif_début_mandat_2": 165,
      "Motif_début_mandat_3": 165,
      "Motif_début_mandat_4": 165,
      "Motif_début_mandat_5": 165,
      "Date_fin_mandat_0": 183,
      "Date_fin_mandat_1": 183,
      "Date_fin_mandat_2": 143,
      "Date_fin_mandat_3": 143,
      "Date_fin_mandat_4": 143,
      "Date_fin_mandat_5": 143,
      "Year_Date_fin_mandat_0": 180,
      "Year_Date_fin_mandat_1": 180,
      "Year_Date_fin_mandat_2": 180,
      "Year_Date_fin_mandat_3": 180,
      "Year_Date_fin_mandat_4": 180,
      "Year_Date_fin_mandat_5": 180,
      "Motif_fin_mandat_0": 218,
      "Motif_fin_mandat_1": 190,
      "Motif_fin_mandat_2": 183,
      "Motif_fin_mandat_3": 150,
      "Motif_fin_mandat_4": 150,
      "Motif_fin_mandat_5": 150
    },
    "coloring": {
      "scheme": "MEANING_AND_STATUS",
      "individualColumns": [],
      "valueColoringMode": "HASH"
    },
    "sorting": [
      {
        "column": "Motif_début_1er-mandat",
        "ascending": true
      }
    ],
    "analysisColumnData": {},
    "explorationSampling": {
      "selection": {
        "maxStoredBytes": 104857600,
        "timeout": -1,
        "filter": {
          "distinct": false,
          "enabled": false
        },
        "partitionSelectionMethod": "ALL",
        "latestPartitionsN": 1,
        "ordering": {
          "enabled": false,
          "rules": []
        },
        "samplingMethod": "HEAD_SEQUENTIAL",
        "maxRecords": 10000,
        "targetRatio": 0.02,
        "withinFirstN": -1,
        "maxReadUncompressedBytes": -1
      },
      "autoRefreshSample": false,
      "_refreshTrigger": 0
    },
    "vizSampling": {
      "autoRefreshSample": false,
      "_refreshTrigger": 0
    },
    "exploreUIParams": {
      "autoRefresh": true
    },
    "globalSearchQuery": "",
    "explorationFilters": [
      {
        "column": "Date_deb_1er_mandat",
        "type": "columnFilter",
        "currentMode": "FACET",
        "active": true,
        "facet": {
          "type": "facet",
          "column": "Date_deb_1er_mandat",
          "columnType": "DATE",
          "currentMode": "DATE",
          "sort": "count",
          "selectedValues": {},
          "dateFilterType": "YEAR"
        },
        "alphanumFilter": {
          "type": "alphanum",
          "column": "Date_deb_1er_mandat",
          "values": [],
          "params": {
            "mode": "full_string",
            "normalization": "exact"
          }
        },
        "validityFilter": {
          "type": "validity",
          "column": "Date_deb_1er_mandat",
          "params": {
            "type": "Date",
            "ok": true,
            "nok": true,
            "empty": true
          }
        }
      }
    ],
    "previewMode": "ALL_ROWS"
  },
  "charts": []
}