{
  "script": {
    "steps": [],
    "maxProcessedMemTableBytes": -1,
    "columnsSelection": {
      "mode": "ALL"
    },
    "columnWidthsByName": {
      "Matricule": 60,
      "DERNIER-ETAT_Groupe_politique": 233,
      "DERNIER-ETAT_Groupe_politique_Gauche-Droite": 300,
      "Nom_groupe_politique_0": 300,
      "Nom_groupe_politique_0_Gauche-Droite": 285,
      "Nom_groupe_politique_1": 218,
      "Nom_groupe_politique_1_Gauche-Droite": 285,
      "Nom_groupe_politique_2": 190,
      "Nom_groupe_politique_2_Gauche-Droite": 285,
      "Nom_groupe_politique_3": 180,
      "Nom_groupe_politique_3_Gauche-Droite": 285,
      "Nom_groupe_politique_4": 180,
      "Nom_groupe_politique_4_Gauche-Droite": 285,
      "Nom_groupe_politique_5": 180,
      "Nom_groupe_politique_5_Gauche-Droite": 285,
      "Nom_groupe_politique_6": 180,
      "Nom_groupe_politique_6_Gauche-Droite": 285,
      "Nom_groupe_politique_7": 180,
      "Nom_groupe_politique_7_Gauche-Droite": 285,
      "Nom_groupe_politique_8": 180,
      "Nom_groupe_politique_8_Gauche-Droite": 285,
      "Nom_groupe_politique_9": 180,
      "Nom_groupe_politique_9_Gauche-Droite": 285
    },
    "coloring": {
      "scheme": "MEANING_AND_STATUS",
      "individualColumns": [],
      "valueColoringMode": "HASH"
    },
    "sorting": [],
    "analysisColumnData": {},
    "explorationSampling": {
      "selection": {
        "maxStoredBytes": 104857600,
        "timeout": -1,
        "filter": {
          "distinct": false,
          "enabled": false
        },
        "partitionSelectionMethod": "ALL",
        "latestPartitionsN": 1,
        "ordering": {
          "enabled": false,
          "rules": []
        },
        "samplingMethod": "HEAD_SEQUENTIAL",
        "maxRecords": 10000,
        "targetRatio": 0.02,
        "withinFirstN": -1,
        "maxReadUncompressedBytes": -1
      },
      "autoRefreshSample": false,
      "_refreshTrigger": 0
    },
    "vizSampling": {
      "autoRefreshSample": false,
      "_refreshTrigger": 0
    },
    "exploreUIParams": {
      "autoRefresh": true
    },
    "globalSearchQuery": "",
    "explorationFilters": [],
    "previewMode": "ALL_ROWS"
  },
  "charts": []
}