{
  "script": {
    "steps": [],
    "maxProcessedMemTableBytes": -1,
    "columnsSelection": {
      "mode": "ALL"
    },
    "columnWidthsByName": {
      "Matricule": 113,
      "Genre": 100,
      "Nom": 127,
      "Prénom": 106,
      "Date_naissance_parsed": 197,
      "Date_décès_parsed": 183,
      "age_deces": 100,
      "dernier_age_connu": 143,
      "DERNIER-ETAT_Mandat": 158,
      "DERNIER-ETAT_Groupe_politique": 233,
      "DERNIER-ETAT_Type_app_grp_politique": 278,
      "DERNIER-ETAT_Commission_permanente": 300,
      "DERNIER-ETAT_Circonscription": 225,
      "DERNIER-ETAT_Fonction_Bureau_Sénat": 270,
      "PCS_INSEE": 300,
      "Catégorie_professionnelle": 300,
      "Description_profession": 232,
      "Sous_catégorie_professionnelle": 240
    },
    "coloring": {
      "scheme": "MEANING_AND_STATUS",
      "individualColumns": [],
      "valueColoringMode": "HASH"
    },
    "sorting": [
      {
        "column": "DERNIER-ETAT_Circonscription",
        "ascending": true
      }
    ],
    "analysisColumnData": {},
    "explorationSampling": {
      "selection": {
        "maxStoredBytes": 104857600,
        "timeout": -1,
        "filter": {
          "distinct": false,
          "enabled": false
        },
        "partitionSelectionMethod": "ALL",
        "latestPartitionsN": 1,
        "ordering": {
          "enabled": false,
          "rules": []
        },
        "samplingMethod": "HEAD_SEQUENTIAL",
        "maxRecords": 10000,
        "targetRatio": 0.02,
        "withinFirstN": -1,
        "maxReadUncompressedBytes": -1
      },
      "autoRefreshSample": false,
      "_refreshTrigger": 0
    },
    "vizSampling": {
      "autoRefreshSample": false,
      "_refreshTrigger": 0
    },
    "exploreUIParams": {
      "autoRefresh": true
    },
    "globalSearchQuery": "",
    "explorationFilters": [
      {
        "column": "Sous_catégorie_professionnelle",
        "type": "columnFilter",
        "currentMode": "FACET",
        "active": true,
        "facet": {
          "type": "facet",
          "column": "Sous_catégorie_professionnelle",
          "columnType": "ALPHANUM",
          "currentMode": "ALPHANUM",
          "sort": "count",
          "selectedValues": {
            "Divers": true
          }
        },
        "alphanumFilter": {
          "type": "alphanum",
          "column": "Sous_catégorie_professionnelle",
          "values": [],
          "params": {
            "mode": "full_string",
            "normalization": "exact"
          }
        },
        "validityFilter": {
          "type": "validity",
          "column": "Sous_catégorie_professionnelle",
          "params": {
            "type": "Text",
            "ok": true,
            "nok": true,
            "empty": true
          }
        }
      }
    ],
    "previewMode": "ALL_ROWS"
  },
  "charts": []
}