{
  "script": {
    "steps": [],
    "maxProcessedMemTableBytes": -1,
    "columnsSelection": {
      "mode": "ALL"
    },
    "columnWidthsByName": {
      "Matricule": 113,
      "Nom": 127,
      "Prénom": 106,
      "ETAT_SENATEUR": 113,
      "Qualité": 100,
      "Identifiant_mandat": 150,
      "Year_election": 113,
      "Date_deb_mandat_parsed": 204,
      "Year_date_deb_mandat": 165,
      "Motif_début_mandat": 176,
      "Date_fin_mandat_parsed": 204,
      "Year_Date_fin_mandat": 165,
      "Motif_fin_mandat": 218,
      "Commentaire": 197,
      "Remplaçé": 183,
      "Remplaçé0": 176,
      "Remplaçé1": 176,
      "Remplaçé2": 106
    },
    "coloring": {
      "scheme": "MEANING_AND_STATUS",
      "individualColumns": [],
      "valueColoringMode": "HASH"
    },
    "sorting": [],
    "analysisColumnData": {},
    "explorationSampling": {
      "selection": {
        "maxStoredBytes": 104857600,
        "timeout": -1,
        "filter": {
          "distinct": false,
          "enabled": false
        },
        "partitionSelectionMethod": "ALL",
        "latestPartitionsN": 1,
        "ordering": {
          "enabled": false,
          "rules": []
        },
        "samplingMethod": "HEAD_SEQUENTIAL",
        "maxRecords": 10000,
        "targetRatio": 0.02,
        "withinFirstN": -1,
        "maxReadUncompressedBytes": -1
      },
      "autoRefreshSample": false,
      "_refreshTrigger": 0
    },
    "vizSampling": {
      "autoRefreshSample": false,
      "_refreshTrigger": 0
    },
    "exploreUIParams": {
      "autoRefresh": true
    },
    "globalSearchQuery": "68036E",
    "explorationFilters": [],
    "previewMode": "ALL_ROWS"
  },
  "charts": []
}