{
  "script": {
    "steps": [],
    "maxProcessedMemTableBytes": -1,
    "columnsSelection": {
      "mode": "ALL"
    },
    "columnWidthsByName": {
      "Matricule": 113,
      "Wikidata_id": 127,
      "Prénom": 100,
      "Nom": 134,
      "lieux_naissance": 141,
      "lieux_mort": 190,
      "les_autres_mandats": 518,
      "occupations": 300,
      "etudes": 197,
      "autres_organisations": 183,
      "distinctions": 225,
      "pere_is_senat": 113,
      "enfant_is_senat": 128,
      "Président de CR": 128,
      "Conseiller municipal": 165,
      "Député": 100,
      "Député européen": 128,
      "Maire": 100,
      "lieux_naissance_Geogranularity": 240,
      "lieux_naissance_GeoPoint": 218,
      "lieux_mort_Geogranularity": 203,
      "lieux_mort_GeoPoint": 158,
      "ministre": 100,
      "président_de_cr": 128,
      "conseiller_régional": 158,
      "président_de_cd_ou_cg": 173,
      "conseiller_départemental_ou_général": 278,
      "maire": 100,
      "conseiller_municipal": 165,
      "député": 100,
      "député_européen": 128,
      "conseil_de_l_europe": 158,
      "résistance": 100
    },
    "coloring": {
      "scheme": "MEANING_AND_STATUS",
      "individualColumns": [],
      "valueColoringMode": "HASH"
    },
    "sorting": [
      {
        "column": "Matricule",
        "ascending": true
      }
    ],
    "analysisColumnData": {},
    "explorationSampling": {
      "selection": {
        "maxStoredBytes": 104857600,
        "timeout": -1,
        "filter": {
          "distinct": false,
          "enabled": false
        },
        "partitionSelectionMethod": "ALL",
        "latestPartitionsN": 1,
        "ordering": {
          "enabled": false,
          "rules": []
        },
        "samplingMethod": "HEAD_SEQUENTIAL",
        "maxRecords": 10000,
        "targetRatio": 0.02,
        "withinFirstN": -1,
        "maxReadUncompressedBytes": -1
      },
      "autoRefreshSample": false,
      "_refreshTrigger": 0
    },
    "vizSampling": {
      "autoRefreshSample": false,
      "_refreshTrigger": 0
    },
    "exploreUIParams": {
      "autoRefresh": true
    },
    "globalSearchQuery": "",
    "explorationFilters": [],
    "previewMode": "ALL_ROWS"
  },
  "charts": []
}