{
  "type": "join",
  "neverRecomputeExistingPartitions": false,
  "optionalDependencies": false,
  "customMeta": {
    "kv": {}
  },
  "redispatchPartitioning": false,
  "maxRunningActivities": 0,
  "variables": {},
  "dkuProperties": [],
  "inputs": {
    "main": {
      "items": [
        {
          "ref": "ODSEN_GENERAL_Etape_1",
          "deps": []
        },
        {
          "ref": "EN_ELUSEN_etape_3",
          "deps": []
        },
        {
          "ref": "ODSEN_HISTOGROUPES_Etape_3",
          "deps": []
        },
        {
          "ref": "wikidata_prepared_joined_2",
          "deps": []
        },
        {
          "ref": "Geopoint_naissance_mort_circonscription",
          "deps": []
        },
        {
          "ref": "Groupe_politique_Gauche_Droite_matricule",
          "deps": []
        }
      ]
    }
  },
  "outputs": {
    "main": {
      "items": [
        {
          "ref": "ALL_DATASET_joined_2",
          "appendMode": false
        }
      ]
    }
  },
  "versionTag": {
    "versionNumber": 9,
    "lastModifiedBy": {
      "login": "admin"
    },
    "lastModifiedOn": 1622323255382
  },
  "creationTag": {
    "versionNumber": 0,
    "lastModifiedBy": {
      "login": "admin"
    },
    "lastModifiedOn": 1622100653529
  },
  "tags": [],
  "customFields": {},
  "checklists": {
    "checklists": []
  }
}