{
  "type": "join",
  "neverRecomputeExistingPartitions": false,
  "optionalDependencies": false,
  "customMeta": {
    "kv": {}
  },
  "redispatchPartitioning": false,
  "maxRunningActivities": 0,
  "variables": {},
  "dkuProperties": [],
  "inputs": {
    "main": {
      "items": [
        {
          "ref": "senateur_donnees_wikidata_prepared",
          "deps": []
        },
        {
          "ref": "filiation_senateur_prepared",
          "deps": []
        }
      ]
    }
  },
  "outputs": {
    "main": {
      "items": [
        {
          "ref": "wikidata_prepared_joined",
          "appendMode": false
        }
      ]
    }
  },
  "versionTag": {
    "versionNumber": 16,
    "lastModifiedBy": {
      "login": "admin"
    },
    "lastModifiedOn": 1622153705415
  },
  "creationTag": {
    "versionNumber": 0,
    "lastModifiedBy": {
      "login": "admin"
    },
    "lastModifiedOn": 1620985600454
  },
  "tags": [],
  "customFields": {},
  "checklists": {
    "checklists": []
  }
}